file_name,chapter_1
PROYECTO DE GRADO-JOHANS GERHARD MONJE VERGAR_johans gerhard monje.pdf," 
ÍNDICE GENERAL 
CAPÍTULO 1 
 
 
 
 
 
 
 
 
   PÁG. 
INTRODUCCIÓN .................................................................................................... 1 
1.1 
ANTECEDENTES. ................................................................................... 3 
1.1.1 
Antecedentes Generales. 
......................................................................... 3 
1.1.2 
Antecedentes Específicos. ....................................................................... 4 
1.2 
PLANTEAMIENTO DE PROBLEMA. ....................................................... 5 
1.2.1 
Situación problemática. ............................................................................ 5 
1.2.2 
Objeto de estudio. .................................................................................... 7 
1.2.3 
Pregunta de investigación. ....................................................................... 7 
1.3 
OBJETIVOS DE LA INVESTIGACIÓN. 
.................................................... 8 
1.3.1 
Objetivo general. ...................................................................................... 8 
1.3.2 
Objetivos específicos. .............................................................................. 8 
1.4 
DELIMITACIÓN. 
..................................................................................... 10 
1.4.1 
Limitaciones. .......................................................................................... 11 
1.4.2 
Límite temporal. 
...................................................................................... 11 
1.4.3 
Limite temático. ...................................................................................... 11 
1.4.4 
Límite geográfico. 
................................................................................... 12 
1.5 
JUSTIFICACIÓN. ................................................................................... 13 
 
1.5.1 
Justificación técnica. .............................................................................. 13 
1.5.2 
Justificación económica. ........................................................................ 14 
1.5.3 
Justificación social. 
................................................................................. 14 
1.5.4 
Justificación académica. ........................................................................ 14 
1.5.5 
Justificación ambiental. .......................................................................... 15 
1.6 
TIPOLOGÍA DE PROYECTO. 
................................................................ 16 
1.7 
METODOLOGÍA DE LA INVESTIGACIÓN. ........................................... 16 
1.7.1 
Metodología cuantitativa. ....................................................................... 16 
1.8 
FUENTES DE INFORMACIÓN. ............................................................. 17 
1.8.1 
Fuentes primarias. 
.................................................................................. 17 
1.8.2 
Fuentes secundarias. ............................................................................. 17 
1.9 
TÉCNICA E INSTRUMENTOS DE INVESTIGACIÓN. 
........................... 18 
1.10 
POBLACIÓN Y MUESTRA..................................................................... 18 
2 
FUNDAMENTACIÓN TEÓRICA. 
............................................................ 19 
2.1 
PETRÓLEO. 
........................................................................................... 20 
2.1.1 
Origen del petróleo. 
................................................................................ 20 
2.1.2 
Proceso de formación del petróleo. 
........................................................ 21 
2.1.2.1 
Diagénesis (descomposición anaerobia). 
............................................... 
22 
2.1.2.2 
Catagénesis (transformación del querogeno en combustible fósil) ........ 
22 
 
2.1.2.3 
Metagénesis 
........................................................................................... 
22 
2.1.3 
Propiedades y usos del petróleo. ........................................................... 22 
2.1.4 
El petróleo en Bolivia. 
............................................................................. 23 
2.2 
REFINACIÓN. ........................................................................................ 24 
2.2.1 
Procesos de refinación. 
.......................................................................... 24 
2.2.1.1 
Destilación fraccionada .......................................................................... 
24 
2.2.1.2 
Destilación al vacío ................................................................................ 
25 
2.2.1.3 
Coquización............................................................................................ 
25 
2.2.1.4 
Reformado catalítico .............................................................................. 
25 
2.2.1.5 
Isomerización ......................................................................................... 
26 
2.2.1.6 
Cracking catalítico .................................................................................. 
26 
2.2.2 
Principales derivados el petróleo. 
........................................................... 27 
2.3 
GASOLINA. 
............................................................................................ 29 
2.3.1 
Composición química de la gasolina. ..................................................... 29 
2.3.2 
Gasolina en Bolivia. 
................................................................................ 30 
2.4 
ENERGÍAS ALTERNATIVAS. 
................................................................ 31 
2.4.1 
Fuentes de energía primaria. ................................................................. 31 
2.4.1.1 
Viento ..................................................................................................... 
31 
2.4.1.2 
Sol. ......................................................................................................... 
33 
 
2.4.1.3 
Agua (Hidráulica). 
................................................................................... 
36 
2.4.1.4 
Calor (Geotérmica). 
................................................................................ 
37 
2.4.2 
Biocombustibles. .................................................................................... 39 
2.4.2.1 
Fuentes de biomasa y tipos de biocombustible. 
..................................... 
40 
2.4.2.2 
Beneficios de los biocombustibles. 
......................................................... 
40 
2.5 
POLÍMEROS. 
......................................................................................... 41 
2.5.1 
Clasificación de Polímeros. .................................................................... 41 
2.5.1.1 
Según su origen. .................................................................................... 
41 
2.5.1.2 
Según su estructura. .............................................................................. 
41 
2.5.1.3 
Según su comportamiento térmico. 
........................................................ 
42 
2.5.1.4 
Propiedades de los Polímeros................................................................ 
42 
2.5.1.5 
Aplicaciones de los Polímeros................................................................ 
42 
2.5.1.6 
Polímeros y Medio Ambiente.................................................................. 
42 
2.5.2 
PLÁSTICO.............................................................................................. 43 
2.5.2.1 
Obtención de los plásticos...................................................................... 
44 
2.6 
PIROLISIS. 
............................................................................................. 48 
2.6.1 
Etapas de la pirolisis. ............................................................................. 49 
2.6.1.1 
Precalentamiento. .................................................................................. 
49 
2.6.1.2 
Descomposición. 
.................................................................................... 
49 
 
2.6.1.3 
Enfriamiento. .......................................................................................... 
49 
2.6.2 
Pirolisis de plásticos. .............................................................................. 50 
2.6.2.1 
Temperatura de pirolisis. 
........................................................................ 
51 
2.6.3 
Tipos de pirolisis. 
.................................................................................... 51 
2.6.3.1 
Pirolisis catalítica. 
................................................................................... 
51 
2.6.3.2 
Pirolisis no catalítica. 
.............................................................................. 
52 
2.6.4 
Países que emplean el proceso de pirolisis para la obtención de 
biocombustibles. 
..................................................................................... 53 
2.6.4.1 
Chile. ...................................................................................................... 
53 
2.6.4.2 
Ecuador. 
................................................................................................. 
54 
3 
INGENIERÍA DEL PROYECTO. 
............................................................. 56 
3.1 
PROPUESTA GEOGRÁFICA DE LA UBICACIÓN DE LA PLANTA DE 
OBTENCIÓN DE GASOLINA. 
................................................................ 57 
3.1.1 
Selección de zona geográfica considerando factores ambientales. 
....... 57 
3.1.2 
Presentación de la zona dentro del terreno de acopio donde está diseñada 
la planta de pirolisis no catalítica. 
........................................................... 57 
3.2 
DETERMINACIÓN DE LOS PLÁSTICOS QUE SE EMPLEAN EN EL 
PROCESO DE PIROLISIS NO CATALÍTICA. 
........................................ 58 
3.2.1 
Identificación de tipos de plásticos reciclables en el municipio de 
Cochabamba. 
......................................................................................... 58 
 
3.2.2 
Evaluación, separación y limpieza de los plásticos reciclados para su 
posterior eliminación de impurezas. ....................................................... 60 
3.2.3 
Limpieza y triturado de los plásticos separados. 
.................................... 61 
3.3 
DISEÑO DE LA PLANTA DE OBTENCIÓN DE BIOCOMBUSTIBLE A 
TRAVÉS DE PLÁSTICOS RECICLADOS. 
............................................. 62 
3.3.1 
Selección y diseño del reactor................................................................ 62 
3.3.1.1 
Calculo del volumen del reactor y diseño en base a la cantidad proyectada 
de materia prima recolectada. 
................................................................ 
63 
3.3.1.2 
Medidores de temperatura y presión de trabajo del reactor. .................. 
66 
3.3.2 
Selección de tuberías y su diseño. 
......................................................... 67 
3.3.2.1 
Calculo del peso de la tubería en base a la densidad, tamaño, diámetro y 
espesor. ................................................................................................. 
68 
3.3.3 
Diseño del intercambiador de calor. ....................................................... 69 
3.3.4 
Tanques de almacenamiento. ................................................................ 70 
3.3.4.1 
Diseño del primer tanque de almacenamiento. ...................................... 
70 
3.3.4.2 
Diseño del tanque de almacenamiento de kerosene. 
............................. 
73 
3.3.4.3 
Diseño del tanque de almacenamiento de diésel. 
.................................. 
74 
3.3.4.4 
Diseño del tanque de gasolina. .............................................................. 
76 
3.3.5 
Diseño de la torre de destilación de combustibles. ................................ 77 
3.3.5.1 
Calculo de número de placas necesarias en la torre de destilación. 
...... 
77 
 
3.3.5.2 
Altura ocupada de las placas dentro de la torre. .................................... 
81 
3.3.5.3 
Determinación de la altura de la torre de destilación. 
............................. 
82 
3.3.5.4 
Determinación del diámetro de la torre de destilación. 
........................... 
82 
3.3.6 
Propuesta de diseño final de la Planta de Pirolisis no Catalítica en la 
comunidad de “Eco-Recolectoras”. ........................................................ 84 
3.4 
PROCESO DE PIROLISIS NO CATALÍTICA QUE ES EJECUTADA EN LA 
PLANTA. ................................................................................................ 86 
3.4.1 
Proceso de recolección de plásticos desechados. ................................. 87 
3.4.2 
Calculo de variables de trabajo en el reactor pirolítico. .......................... 90 
3.4.2.1 
Simulación teórica de la primera tanda del proceso de pirolisis dentro del 
reactor con los polímeros Polietileno (PE) y Polipropileno (PP). 
............ 
91 
3.4.2.2 
Simulación teórica de la segunda tanda del proceso de pirolisis dentro del 
reactor con los polímeros Poliestireno (PS) y Polietileno Tereftalato (PET).
 ............................................................................................................... 
97 
3.4.3 
Cálculo del flujo saliente del reactor pirolítico de la primera tanda 
polietileno y polipropileno. .....................................................................103 
3.4.3.1 
Masa molar del Polietileno (PE) y Polipropileno (PP) 
........................... 
103 
3.4.3.2 
Determinación de la masa de los materiales a moles. ......................... 
104 
3.4.3.3 
Cálculo de los moles de gas utilizando la ley de los gases. ................. 
105 
3.4.3.4 
Cambio en el número de moles que sufre durante el proceso térmico del 
reactor. ................................................................................................. 
106 
3.4.3.5 
Flujo molar y flujo másico de salida del reactor. 
................................... 
106 
 
3.4.4 
Cálculo del flujo saliente del reactor pirolítico de la segunda tanda 
Poliestireno y Polietilentereftalato. ........................................................107 
3.4.4.1 
Masa molar del Poliestireno (PS) y Polietilentereftalato (PET)............. 
107 
3.4.4.2 
Determinación de la masa de los materiales a moles. ......................... 
109 
3.4.4.3 
Flujo másico de salida del reactor de la segunda tanda de PS y PET. 109 
3.4.5 
Cálculo de la velocidad con la que sale el gas hacia el intercambiador de 
calor en la primera tanda. 
......................................................................110 
3.4.5.1 
Flujo volumétrico. ................................................................................. 
111 
3.4.5.2 
Calculo de velocidad de salida. 
............................................................ 
111 
3.4.6 
Proceso del intercambiador de calor con el gas resultante de la primera 
tanda procesada en el reactor. 
..............................................................112 
3.4.6.1 
Calor transferido de la primera tanda (Q). 
............................................ 
113 
3.4.6.2 
Flujo de salida de los gases condensados y no condensados. 
............ 
114 
3.4.7 
Proceso del intercambiador de calor con el gas resultante de la segunda 
tanda procesada en el reactor. 
..............................................................115 
3.4.7.1 
Calor transferido (Q). 
............................................................................ 
116 
3.4.7.2 
Flujo de salida de los gases condensados y no condensados. 
............ 
117 
3.4.8 
Simulación teórica de la composición química del aceite pirolítico 
resultante de la primera tanda de Polietileno (PE) y Polipropileno. 
.......118 
3.4.9 
Simulación teórica de la composición química del aceite pirolítico 
resultante de la segunda tanda de Poliestireno (PS) y Polietilentereftalato 
(PET). 
....................................................................................................120 
 
3.4.10 
Cantidad de aceite pirolítico almacenado de la primera tanda en el tanque 
de almacenamiento Nº1. .......................................................................122 
3.4.11 
Cantidad de aceite pirolítico almacenado de la segunda tanda en el tanque 
de almacenamiento Nº1. .......................................................................124 
3.4.12 
Cálculos de balance de materia en el destilador con el aceite pirolítico 
resultante...............................................................................................126 
3.4.13 
Cantidades de combustibles estimados que se puede obtener de la 
primera tanda de aceite pirolítico resultante de PE y PP. .....................128 
3.4.14 
Cantidades de combustibles estimados que se puede obtener de la 
segunda tanda de aceite pirolítico resultante de PS y PET. 
..................130 
3.4.15 
Cantidades estimadas teóricamente de combustibles producidos por la 
planta de pirolisis no catalítica...............................................................132 
3.4.16 
Calculo del octanaje de la gasolina obtenida en la primera tanda de PE y 
PP. ........................................................................................................132 
3.4.17 
Calculo del octanaje de la gasolina obtenida en la segunda tanda de PE y 
PP. ........................................................................................................134 
3.5 
ASPECTOS AMBIENTALES. 
................................................................135 
3.5.1 
Impactos Ambientales Positivos. 
...........................................................136 
3.5.1.1 
Reducción de residuos plásticos. 
......................................................... 
136 
3.5.1.2 
Reutilización de gases. ........................................................................ 
136 
3.5.1.3 
Proceso con un circuito cerrado. 
.......................................................... 
137 
3.5.1.4 
Disminución de la Dependencia de Combustibles Fósiles. .................. 
137 
 
3.5.1.5 
Fomento de la Economía Circular 
........................................................ 
137 
3.5.2 
Impactos Ambientales Negativos. .........................................................137 
3.5.2.1 
Emisiones de gases residuales. 
........................................................... 
137 
3.5.2.2 
Gestión de Subproductos Sólidos y Líquidos. 
...................................... 
138 
3.5.2.3 
Impacto en la Calidad del Aire Local .................................................... 
139 
3.5.2.4 
Riesgo de Incidentes. 
........................................................................... 
139 
4 
VIABILIDAD Y COSTOS. ......................................................................140 
4.1 
COSTOS DE INVERSIÓN INICIAL. ......................................................141 
4.1.1 
Equipos y maquinaria. 
...........................................................................141 
4.1.1.1 
Reactor de pirólisis 
............................................................................... 
141 
4.1.1.2 
Torre de destilación. 
............................................................................. 
143 
4.1.1.3 
Intercambiador de calor. 
....................................................................... 
144 
4.1.1.4 
Tanque de almacenamiento de aceite pirolítico. .................................. 
145 
4.1.1.5 
Tanque de almacenamiento de gasolina. 
............................................. 
146 
4.1.1.6 
Tanque de almacenamiento de diésel. 
................................................. 
148 
4.1.1.7 
Tanque de almacenamiento del kerosene. .......................................... 
150 
4.1.1.8 
Costo de tuberías de la planta.............................................................. 
152 
4.1.1.9 
Empresas constructoras de equipos de la planta de pirolisis no catalítica.
 ............................................................................................................. 
153 
 
4.1.2 
Instalaciones. ........................................................................................155 
4.1.3 
Gastos pre - operación. 
.........................................................................155 
4.1.3.1 
Permisos y licencias ambientales. 
........................................................ 
155 
4.1.3.2 
Capacitación de personal. 
.................................................................... 
157 
4.2 
COSTOS DE OPERACIÓN. 
..................................................................157 
4.2.1 
Materia prima. .......................................................................................157 
4.2.2 
Energía y utilidades. 
..............................................................................158 
4.2.3 
Mano de obra. .......................................................................................159 
4.2.4 
Mantenimiento y reparaciones. .............................................................159 
4.2.4.1 
Mantenimiento Regular y Preventivo 
.................................................... 
159 
4.2.4.2 
Reparaciones correctivas. 
.................................................................... 
160 
4.3 
INGRESOS ECONÓMICOS..................................................................160 
4.3.1 
Venta de productos. ..............................................................................160 
4.3.2 
Venta de subproductos y residuos. .......................................................161 
4.3.2.1 
Carbón (Biochar) 
.................................................................................. 
161 
4.3.2.2 
Aceites pesados. 
.................................................................................. 
161 
4.4 
FACTIBILIDAD ECONOMICA. 
..............................................................162 
4.4.1 
Costos de inversión inicial. 
....................................................................162 
4.4.2 
Costos Operativos Anuales. 
..................................................................163 
 
4.4.3 
Ingresos anuales. 
..................................................................................163 
4.4.4 
Resumen financiero. .............................................................................164 
5 
5. Conclusión.........................................................................................166 
6 
6. RECOMENDACIONES. ....................................................................168 
7 
BIBLIOGRAFÍA .....................................................................................170 
8 
ANEXOS ...............................................................................................176 
 
ÍNDICE DE ILUSTRACIONES 
 
ILUSTRACIÓN 1 COMUNIDAD DE ""ECO-RECOLECTORAS"" DEL MUNICIPIO DE 
COCHABAMBA. 
...................................................................................................... 3 
ILUSTRACIÓN 2 MUNICIPIO DE COCHABAMBA. ............................................. 12 
ILUSTRACIÓN 3 UBICACIÓN GEOGRAFÍA DE UN CENTRO DE ACOPIO DE 
PLÁSTICOS DE LA COMUNIDAD DE ""ECO-RECOLECTORAS"". 
....................... 13 
ILUSTRACIÓN 4 TRAMPA GEOLÓGICA (ANTICLINAL). ................................... 21 
ILUSTRACIÓN 5 EVOLUCIÓN DE LA PRODUCCIÓN DE PETRÓLEO EN BOLIVIA 
DESDE 1990 HASTA EL AÑO 2023. 
.................................................................... 23 
ILUSTRACIÓN 6 ESQUEMA DEL PROCESO DE REFINACIÓN DE PETRÓLEO Y 
SUS DERIVADOS. 
................................................................................................ 27 
ILUSTRACIÓN 7 AEROGENERADOR EÓLICO TERRESTRE. .......................... 32 
ILUSTRACIÓN 8 AEROGENERADORES EÓLICOS MARINOS. ........................ 33 
ILUSTRACIÓN 
9 
PANELES 
FOTOVOLTAICOS 
GENERADORES 
DE 
ELECTRICIDAD. 
................................................................................................... 34 
ILUSTRACIÓN 10 COLECTOR O CAPTADOR SOLAR. ..................................... 35 
ILUSTRACIÓN 11 SISTEMA DE ENERGÍA SOLAR HIBRIDA. ........................... 36 
ILUSTRACIÓN 12 CENTRAL HIDROELÉCTRICA. ............................................. 37 
ILUSTRACIÓN 13 EQUIPO DE PERFORACIÓN EN UN ÁREA GEOTÉRMICO. 38 
ILUSTRACIÓN 14 SONDAS GEOTÉRMICAS. .................................................... 39 
ILUSTRACIÓN 15 ESQUEMA DE UN PROCESO DE PIROLISIS CATALÍTICA. 52 
ILUSTRACIÓN 16 ESQUEMA DEL PROCESO DE PIRÓLISIS NO CATALÍTICA.
 
.............................................................................................................................. 53 
ILUSTRACIÓN 17 MUESTRA DE BIOCOMBUSTIBLE ELABORADO POR 
ELEMENTUM........................................................................................................ 54 
ILUSTRACIÓN 18 PLANTA ECUATORIANA DE CONVERSIÓN DE PLÁSTICO EN 
BIOCOMBUSTIBLE. ............................................................................................. 55 
 
ILUSTRACIÓN 19 SELECCION DE LA UBICACIÓN GEOGRÁFICA DE LA 
PLANTA DE PIROLISIS NO CATALÍTICA. 
........................................................... 57 
ILUSTRACIÓN 20 PRESENTACIÓN DEL TERRENO DONDE SE DISEÑA LA 
PLANTA DE PIROLISIS NO CATALÍTICA. 
........................................................... 58 
ILUSTRACIÓN 21 SEPARACIÓN MANUAL DE LOS TIPOS DE PLÁSTICOS 
RECICLADOS. 
...................................................................................................... 60 
ILUSTRACIÓN 22 MÁQUINA TRITURADORA DE PLÁSTICO............................ 61 
ILUSTRACIÓN 23 MAQUINA LAVADORA DE PLÁSTICO RECICLADO ............ 62 
ILUSTRACIÓN 24 LAVADO DE MANUAL DE RESIDUOS PLÁSTICOS. 
............ 62 
ILUSTRACIÓN 25 REACTOR BATCH. ................................................................ 63 
ILUSTRACIÓN 26 DISEÑO DEL REACTOR DE PIROLISIS NO CATALÍTICA. .. 64 
ILUSTRACIÓN 27 DISEÑO DE ACOPLAMIENTO DE MEDIDORES DE PRESIÓN 
Y TEMPERATURA EN EL REACTOR. 
................................................................. 67 
ILUSTRACIÓN 28 TUBERÍA DE ACERO INOXIDABLE. ..................................... 68 
ILUSTRACIÓN 29 INTERCAMBIADOR DE CALOR TUBULAR. ......................... 70 
ILUSTRACIÓN 30 TANQUE DE ALMACENAMIENTO. ....................................... 71 
ILUSTRACIÓN 31 DISEÑO DEL TANQUE DE ALMACENAMIENTO DE 
KEROSENE. ......................................................................................................... 73 
ILUSTRACIÓN 32 DISEÑO DEL TANQUE DE ALMACENAMIENTO DE DIÉSEL.
 
.............................................................................................................................. 75 
ILUSTRACIÓN 33 DISEÑO DEL TANQUE DE ALMACENAMIENTO DE 
GASOLINA. 
........................................................................................................... 77 
ILUSTRACIÓN 34 DISEÑO DE LA TORRE DE DESTILACIÓN DE COMBUSTIBLE.
 
.............................................................................................................................. 83 
ILUSTRACIÓN 35 VISTA LATERAL DE LA PLANTA DE PIROLISIS NO 
CATALÍTICA. ........................................................................................................ 84 
ILUSTRACIÓN 36 VISTA AÉREA DE LA PLANTA DE PIROLISIS NO CATALÍTICA.
 
.............................................................................................................................. 85 
 
ILUSTRACIÓN 37 VISTA GENERAL DE LA PLANTA DE PIROLISIS NO 
CATALÍTICA. ........................................................................................................ 86 
ILUSTRACIÓN 38 DIAGRAMA DE BLOQUES DEL PROCESO DE PIROLISIS NO 
CATALÍTICA EN LA COMUNIDAD DE “ECO-RECOLECTORAS” DEL MUNICIPIO 
DE COCHABAMBA. 
.............................................................................................. 87 
ILUSTRACIÓN 39 COMUNIDAD DE ""ECO-RECOLECTORAS"" ACOPIANDO 
BOTELLAS (PET) ................................................................................................. 88 
ILUSTRACIÓN 40 PUNTOS DE ACOPIO Y CONTENEDORES MUNICIPALES DE 
PLÁSTICOS. 
......................................................................................................... 89 
ILUSTRACIÓN 41 COMPORTAMIENTO DEL POLIETILENO (PE) EN EL 
REACTOR PIROLÍTICO ....................................................................................... 93 
ILUSTRACIÓN 42 COMPORTAMIENTO DEL POLIPROPILENO  (PP) EN EL 
REACTOR PIROLÍTICO ....................................................................................... 94 
ILUSTRACIÓN 43 COMPORTAMIENTO DEL POLIETILENO (PE) EN EL 
REACTOR PIROLÍTICO ....................................................................................... 99 
ILUSTRACIÓN 44 COMPORTAMIENTO DEL POLIPROPILENO  (PP) EN EL 
REACTOR PIROLÍTICO ......................................................................................100 
ILUSTRACIÓN 45 PLÁSTICO A COMBUSTIBLE ...............................................136 
ILUSTRACIÓN 46 CARBÓN RESIDUAL DE PIROLISIS. ...................................138 
 
 
 
 
 
 
 
 
 
 
 
 
ÍNDICE DE TABLAS. 
 
TABLA 1 OBJETIVOS DE LA INVESTIGACIÓN. 
................................................... 8 
TABLA 2 DELIMITACIÓN DEL PROYECTO........................................................ 10 
TABLA 3 TIPOLOGÍA DEL PROYECTO. 
............................................................. 16 
TABLA 4 DECLARACIÓN DE USO DE INSTRUMENTOS. 
................................. 18 
TABLA 5 PRINCIPALES PRODUCTOS DE LA REFINACIÓN PETROLERA (SE 
INDICA ENTRE PARÉNTESIS EL NÚMERO DE ÁTOMOS DE CARBONO DE LOS 
HIDROCARBUROS COMPONENTES). ............................................................... 27 
TABLA 6 TIPOS DE PLÁSTICOS MAYORMENTE UTILIZADOS EN EL MUNICIPIO 
DE COCHABAMBA. 
.............................................................................................. 59 
TABLA 7 ESPECIFICACIONES DEL REACTOR DISEÑADO. 
............................ 90 
TABLA 8 PUNTOS DE FUSIÓN Y DEGRADACIÓN DE LOS POLÍMEROS. ...... 91 
TABLA 9 COMPORTAMIENTO DEL POLIETILENO Y POLIPROPILENO DENTRO 
DEL REACTOR..................................................................................................... 92 
TABLA 10  REPRESENTACIÓN APROXIMADA DE LA COMPOSICIÓN DEL 
ACEITE PIROLÍTICO DE PE Y PP 
....................................................................... 97 
TABLA 
11 
COMPORTAMIENTO 
DEL 
POLIESTIRENO 
Y 
POLIETILENTEREFTALATO DENTRO DEL REACTOR ..................................... 98 
TABLA 12 PORCENTAJES DE COMPONENTES QUE POSEE EL ACEITE DE LA 
PRIMERA TANDA DE PE Y PP 
...........................................................................119 
TABLA 13 MASA DE CADA COMPONENTE DEL ACEITE PIROLÍTICO 
RESULTANTE DE PE Y PP.................................................................................120 
TABLA 14 PORCENTAJES DE COMPONENTES QUE POSEE EL ACEITE DE LA 
SEGUNDA TANDA DE PS Y PET .......................................................................121 
TABLA 15 MASA DE CADA COMPONENTE DEL ACEITE PIROLÍTICO 
RESULTANTE DEL PS Y PET ............................................................................122 
TABLA 16 DENSIDADES PROMEDIO DE LOS COMPONENTES QUÍMICOS DEL 
PE Y PP ...............................................................................................................123 
 
TABLA 17 DENSIDADES PROMEDIO DE LOS COMPONENTES QUÍMICOS DEL 
PS ........................................................................................................................124 
TABLA 18 DENSIDADES PROMEDIO DE LOS COMPONENTES QUÍMICOS DEL 
PET ......................................................................................................................125 
TABLA 19 DENSIDAD PROMEDIO DEL ACEITE PIROLÍTICO EN EL TANQUE DE 
ALMACENAMIENTO Nº1 
.....................................................................................127 
TABLA 20 VOLUMEN TOTAL DE ACEITE PIROLÍTICO QUE INGRESA AL 
TANQUE Nº1 .......................................................................................................127 
TABLA 21 PROPIEDADES FÍSICAS DE LOS HIDROCARBUROS DEL ACEITE 
PIROLÍTICO RESULTANTE DE PE Y PP ...........................................................128 
TABLA 22 PROPIEDADES FÍSICAS DE LOS HIDROCARBUROS DEL ACEITE 
PIROLÍTICO RESULTANTE DE PE Y PP ...........................................................130 
TABLA 
23 
VOLÚMENES 
DE 
COMBUSTIBLES 
OBTENIDOS 
POR 
LA 
SIMULACIÓN TEÓRICA. 
.....................................................................................132 
TABLA 
24 
MEDIDAS 
DE 
OCTANAJE 
DE 
LOS 
HIDROCARBUROS 
COMPONENTES DE LA GASOLINA RESULTANTE DE LA PRIMERA TANDA.
 
.............................................................................................................................133 
TABLA 
25 
MEDIDAS 
DE 
OCTANAJE 
DE 
LOS 
HIDROCARBUROS 
COMPONENTES DE LA GASOLINA RESULTANTE DE LA SEGUNDA TANDA.
 
.............................................................................................................................134 
TABLA 26 EMPRESAS CONSTRUCTORAS DE EQUIPOS INDUSTRIALES. ..153 
TABLA 27 COSTOS Y VOLUMEN DE LOS COMBUSTIBLES PRODUCIDOS POR 
LA PLANTA DE PIROLISIS NO CATALÍTICA. ....................................................160 
TABLA 28 COSTOS DE INVERSIÓN INICIAL. 
...................................................162 
TABLA 29 COSTOS OPERATIVOS ANUALES. 
.................................................163 
TABLA 30 INGRESOS ANUALES DE VENTA DE COMBUSTIBLES. 
................163 
TABLA 31 RESUMEN FINANCIERO DEL PROYECTO. ....................................164 
 
 
 
 
ÍNDICE DE ECUACIONES. 
 
ECUACIÓN 1 VOLUMEN REQUERIDO PARA PROCESAR LA MATERIA PRIMA.
 
.............................................................................................................................. 64 
ECUACIÓN 2 VOLUMEN DEL REACTOR CILÍNDRICO. .................................... 65 
ECUACIÓN 3 DIÁMETRO EXTERNO DEL REACTOR PIROLÍTICO. ................. 66 
ECUACIÓN 4 DIÁMETRO INTERNO DEL REACTOR PIROLÍTICO. .................. 66 
ECUACIÓN 5 ALTURA DEL REACTOR PIROLÍTICO. ........................................ 66 
ECUACIÓN 6 PESO DE LA TUBERÍA DE ACERO INOXIDABLE. ...................... 68 
ECUACIÓN 7 CÁLCULO DEL DIÁMETRO INTERNO DE LAS TUBERÍAS. 
........ 69 
ECUACIÓN 8 VOLUMEN DEL TANQUE DE ALMACENAMIENTO Nº1 .............. 71 
ECUACIÓN 9 DISEÑO DE LA ALTURA DEL TANQUE. ...................................... 72 
ECUACIÓN 10 CÁLCULO DEL VOLUMEN DEL TANQUE DE ALMACENAMIENTO 
DE KEROSENE. ................................................................................................... 73 
ECUACIÓN 11 CÁLCULO DE LA ALTURA DEL TANQUE DE KEROSENE. ...... 74 
ECUACIÓN 12 CÁLCULO DEL VOLUMEN DEL TANQUE DE ALMACENAMIENTO 
DE DIÉSEL. .......................................................................................................... 74 
ECUACIÓN 13 CÁLCULO DE LA ALTURA DEL TANQUE DE DIÉSEL. ............. 75 
ECUACIÓN 14 CÁLCULO DEL VOLUMEN DEL TANQUE DE ALMACENAMIENTO 
DE GASOLINA. 
..................................................................................................... 76 
ECUACIÓN 15 CÁLCULO DE LA ALTURA DEL TANQUE DE GASOLINA. 
........ 76 
ECUACIÓN 16 NUMERO MÍNIMO DE PLACAS SEGÚN FENSKE 
..................... 78 
ECUACIÓN 17 CÁLCULO DE FRACCIÓN MOLAR DE LA GASOLINA .............. 78 
ECUACIÓN 18 CÁLCULO DE FRACCIÓN MOLAR DEL DIÉSEL ....................... 80 
ECUACIÓN 19 CALCULO DE ALTURA  OCUPADA DE LAS PLACAS DENTRO DE 
LA TORRE DE DESTILACIÓN. ............................................................................ 81 
 
ECUACIÓN 20 CÁLCULO DE LA ALTURA DE LA TORRE DE DESTILACIÓN .. 82 
ECUACIÓN 21 CÁLCULO DEL DIÁMETRO DE LA TORRE DE DESTILACIÓN. 82 
ECUACIÓN 22 CALCULO DE LA PRESIÓN FINAL SEGÚN LA LEY DE LOS 
GASES IDEALES. 
................................................................................................. 91 
ECUACIÓN 23 PROMEDIO DE CALOR ESPECIFICO ENTRE EL POLIETILENO Y 
POLIPROPILENO PARA LA PRIMERA TANDA. 
.................................................. 94 
ECUACIÓN 24 CALCULO DE CALOR NECESARIO. 
.......................................... 95 
ECUACIÓN 25 CALCULO DEL PODER CALORÍFICO. 
....................................... 95 
ECUACIÓN 26 CALCULO DE LA PRESIÓN FINAL SEGÚN LA LEY DE LOS 
GASES IDEALES. 
................................................................................................. 97 
ECUACIÓN 27 PROMEDIO DE CALOR ESPECIFICO ENTRE EL POLIETILENO Y 
POLIPROPILENO PARA LA PRIMERA TANDA. 
.................................................100 
ECUACIÓN 28 CALCULO DE CALOR NECESARIO. 
.........................................101 
ECUACIÓN 29 CALCULO DEL PODER CALORÍFICO. 
......................................101 
ECUACIÓN 30 CALCULO DE LA MASA MOLAR DEL POLIETILENO. 
..............103 
ECUACIÓN 31 CALCULO DE LA MASA MOLAR DEL POLIPROPILENO .........104 
ECUACIÓN 32 CÁLCULO DE LOS MOLES DEL POLIETILENO Y PROPILENO.
 
.............................................................................................................................104 
ECUACIÓN 33 CALCULO DE LOS MOLES DE GAS SEGÚN LA LEY DE GASES 
IDEALES, 
.............................................................................................................105 
ECUACIÓN 34 CAMBIO DE NUMERO DE MOLES EN EL REACTOR 
..............106 
ECUACIÓN 35 CALCULO DEL FLUJO MOLAR DE SALIDA DEL REACTOR. ..106 
ECUACIÓN 36 CÁLCULO DEL FLUJO MÁSICO 
................................................106 
ECUACIÓN 37 MASA MOLAR PROMEDIO. 
.......................................................107 
ECUACIÓN 38 CALCULO DE LA MASA MOLAR DEL POLIESTIRENO 
............108 
ECUACIÓN 
39 
CALCULO 
DE 
LA 
MASA 
MOLAR 
DEL 
POLIETILENTEREFTALATO. 
..............................................................................108 
 
ECUACIÓN 
40 
CÁLCULO 
DE 
LOS 
MOLES 
DEL 
POLIESTIRENO 
Y 
POLIETILENTEREFTALATO. 
..............................................................................109 
ECUACIÓN 41 CÁLCULO DEL FLUJO MÁSICO DE LA SEGUNDA TANDA DE PS 
Y PET. 
..................................................................................................................109 
ECUACIÓN 42 MASA MOLAR PROMEDIO. 
.......................................................110 
ECUACIÓN 43 CÁLCULO DEL FLUJO VOLUMÉTRICO 
....................................111 
ECUACIÓN 44 CÁLCULO DE LA VELOCIDAD DE SALIDA DE LOS GASES EN 
BASE A LA ECUACIÓN DE CONTINUIDAD. ......................................................111 
ECUACIÓN 45 CÁLCULO DEL ÁREA DE SALIDA DE LOS GASES DEL REACTOR
 
.............................................................................................................................112 
ECUACIÓN 46 CÁLCULO DEL CALOR SENSIBLE DEL PE y PP. ....................113 
ECUACIÓN 47 CÁLCULO DEL CALOR LATENTE (CONDENSACIÓN DEL GAS)
 
.............................................................................................................................113 
ECUACIÓN 48 CÁLCULO DEL FLUJO DE AGUA NECESARIO EN EL 
INTERCAMBIADOR DE CALOR. ........................................................................114 
ECUACIÓN 49 CÁLCULO DEL FLUJO DE SALIDA DEL GAS CONDENSADO.
 
.............................................................................................................................114 
ECUACIÓN 50 CÁLCULO DEL FLUJO DE SALIDA DE GAS NO CONDENSADO
 
.............................................................................................................................115 
ECUACIÓN 51 CÁLCULO DEL CALOR SENSIBLE. ..........................................116 
ECUACIÓN 52 CÁLCULO DEL CALOR LATENTE 
.............................................116 
ECUACIÓN 53 CÁLCULO DEL FLUJO DE AGUA NECESARIO EN EL 
INTERCAMBIADOR DE CALOR. ........................................................................117 
ECUACIÓN 54 CÁLCULO DEL FLUJO DE SALIDA DEL GAS CONDENSADO.
 
.............................................................................................................................117 
ECUACIÓN 55 CÁLCULO DEL FLUJO DE SALIDA DE GAS NO CONDENSADO
 
.............................................................................................................................118 
ECUACIÓN 56 MASA TOTAL DEL ACEITE PIROLÍTICO OBTENIDO DEL PE Y PP
 
.............................................................................................................................119 
 
ECUACIÓN 57 MASA TOTAL DE LOS GASES Y RESIDUOS PIROLÍTICOS 
OBTENIDO DEL PE Y PP ...................................................................................119 
ECUACIÓN 58 CÁLCULO DE LA DENSIDAD PROMEDIO DEL ACEITE 
PIROLÍTICO DE LA PRIMERA TANDA DE PE Y PP ..........................................123 
ECUACIÓN 59 VOLUMEN DEL ACEITE DESCARGADO EN LA PRIMERA TANDA
 
.............................................................................................................................123 
ECUACIÓN 60 CÁLCULO DE LA DENSIDAD DEL ACEITE PIROLITICO 
PROMEDIO DEL POLIESTIRENO ......................................................................124 
ECUACIÓN 61 CÁLCULO DE LA DENSIDAD DEL ACEITE PIROLITICO 
PROMEDIO DEL POLIETILENTEREFTALATO ..................................................125 
ECUACIÓN 62 VOLUMEN DEL ACEITE DESCARGADO EN LA SEGUNDA  
TANDA 
.................................................................................................................126 
ECUACIÓN 63 CÁLCULO DEL RON DE LA GASOLINA RESULTANTE DE LA 
PRIMERA TANDA 
................................................................................................134 
ECUACIÓN 64 CÁLCULO DEL RON DE LA GASOLINA RESULTANTE DE LA 
SEGUNDA TANDA. .............................................................................................135 
ECUACIÓN 65 CÁLCULO DEL VOLUMEN EXTERNO DEL REACTOR. 
...........141 
ECUACIÓN 66 VOLUMEN TOTAL DE ACERO EN EL REACTOR PIROLÍTICO.
 
.............................................................................................................................142 
ECUACIÓN 67 MASA TOTAL DE ACERO INOXIDABLE 304 DEL REACTOR 
PIROLÍTICO. 
........................................................................................................142 
ECUACIÓN 68 CÁLCULO DEL ÁREA DE LA TORRE DE DESTILACIÓN SIN SUS 
TAPAS. ................................................................................................................143 
ECUACIÓN 69 CALCULO DEL ÁREA DE LAS TAPAS DE LA TORRE DE 
DESTILACIÓN. ....................................................................................................143 
ECUACIÓN 70 CÁLCULO DEL ÁREA DEL TANQUE DE ALMACENAMIENTO   Nº 
1, SIN TAPAS. .....................................................................................................145 
ECUACIÓN 71 CALCULO DEL ÁREA DE LAS TAPAS DEL TANQUE DE 
ALMACENAMIENTO Nº1. 
....................................................................................145 
ECUACIÓN 72 CÁLCULO DEL ÁREA DEL TANQUE DE ALMACENAMIENTO   DE 
GASOLINA. 
..........................................................................................................147 
 
ECUACIÓN 73 CALCULO DEL ÁREA DE LAS TAPAS DEL TANQUE DE 
GASOLINA.. 
.........................................................................................................147 
ECUACIÓN 74 CÁLCULO DEL ÁREA DEL TANQUE DE ALMACENAMIENTO   DE 
DIÉSEL. ...............................................................................................................148 
ECUACIÓN 75 CALCULO DEL ÁREA DE LAS TAPAS DEL TANQUE DE DIÉSEL.
 
.............................................................................................................................149 
ECUACIÓN 76 CÁLCULO DEL ÁREA DEL TANQUE DE ALMACENAMIENTO DE 
KEROSENE. ........................................................................................................150 
ECUACIÓN 77 CALCULO DEL ÁREA DE LAS TAPAS DEL TANQUE DE 
KEROSENE. ........................................................................................................150 
 
 
INTRODUCCIÓN 
1 
 
 
 
 
 
 
 
 
 
CAPÍTULO 1 
INTRODUCCIÓN 
 
 
INTRODUCCIÓN 
2 
 
El mundo ha demostrado una creciente dependencia de los combustibles fósiles 
para la generación de energía a lo largo de los años. Como respuesta, la ciencia ha 
desarrollado diversas formas de obtener energía alternativa prometedora, como la 
eólica, solar, geotérmica y la producción de biocombustibles. 
Actualmente, existe una preocupación constante por la contaminación ambiental 
causada por la basura y los residuos plásticos. Esto ha generado una necesidad 
urgente a nivel mundial de encontrar soluciones para mitigar los daños ambientales 
que producen. 
Este proyecto propone el diseño de una planta de generación de biocombustibles 
(gasolina) mediante pirolisis no catalítica, con el objetivo de contribuir a la solución 
de dos problemas que afectan a la sociedad cochabambina y boliviana: la escasez 
de combustible en el municipio y la excesiva contaminación debido a la mala gestión 
de basura y plásticos. 
La pirolisis no catalítica es un proceso térmico que degrada residuos plásticos en 
ausencia de oxígeno, permitiendo así la producción de gasolina de buena calidad. 
Esta gasolina puede ser utilizada en diversos sectores, desde el transporte hasta la 
generación de energía. 
La materia prima para este proceso es obtenida a través de las “ECO-
RECOLECTORAS”, una comunidad compuesta en su mayoría por mujeres que se 
dedican a recolectar materiales reciclables. Estos materiales son llevados a un 
centro de acopio, donde se venden según su peso. 
INTRODUCCIÓN 
3 
 
ILUSTRACIÓN 1 COMUNIDAD DE ""ECO-RECOLECTORAS"" DEL MUNICIPIO 
DE COCHABAMBA. 
 
Fuente: Bolivia verifica, 2023. 
Esta planta de generación de gasolina, además de ofrecer una solución efectiva 
para el manejo de desechos plásticos, genera beneficios económicos y sociales 
significativos. Entre estos beneficios se incluyen la creación de nuevos empleos, la 
disminución de emisiones de gases de efecto invernadero y la promoción de la 
economía circular. 
Este documento detalla y evidencia el diseño de una planta de biocombustible 
(gasolina) a partir del plástico recolectado de las calles y botaderos del municipio. 
Además, analiza los impactos económicos, sociales y ambientales que se pretende 
lograr con su implementación. 
1.1 ANTECEDENTES. 
Los antecedentes del proyecto se desglosan de la siguiente forma: 
1.1.1 Antecedentes Generales. 
Bolivia es un país gasífero que carece de la producción suficiente de combustibles 
líquidos para abastecer su mercado interno, por lo cual recurre a la importación de 
combustibles donde Estados Unidos el principal proveedor de gasolina. 
INTRODUCCIÓN 
4 
 
El segundo producto más importado en el país en la gestión 2023 fue la gasolina y 
el principal vendedor de este combustible es Estados Unidos con el 31,3% de 
volumen importado, seguido de Argentina y Suiza. El valor fue $us 1.286 millones. 
(Economy, 2023). 
La gestión de los residuos plásticos en Bolivia representa un desafío ambiental, 
debido a la falta de infraestructuras para su tratamiento y descomposición, ya que 
estos desechos plásticos en su mayoría van a parar en vertederos de agua y calles 
de las ciudades, causando una contaminación alta. Conjuntamente con estos 
problemas de contaminación ambiental también persiste la escasez de 
combustibles líquidos, los cuales afectan negativamente a la población y la 
economía local.  
La pirolisis no catalítica es una técnica prometedora para convertir los desechos 
plásticos en biocombustibles, como la gasolina diésel y gas natural. Este proceso 
implica la descomposición térmica de plásticos, a altas temperaturas y en un 
ambiente de baja presión sin oxígeno.  
La pirolisis no catalítica puede ser especialmente adecuada para áreas con recursos 
limitados como Cochabamba, debido a su relativa simplicidad y menor costo de 
implementación en comparación con otras tecnologías de reciclaje. 
Considerando estos factores, surge la necesidad de proponer el diseño de una 
planta de biocombustible basada en el proceso de pirolisis no catalítica en el 
municipio de Cochabamba. Este proyecto busca abordar tanto los problemas de 
manejo de residuos plásticos y la alta demanda de gasolina que existe en el 
municipio. 
1.1.2 Antecedentes Específicos. 
La escasez de combustible que afecta a nivel nacional se debe a diversos factores 
en la actualidad, ya sean políticos o económicos, solo en Cochabamba, la demanda 
INTRODUCCIÓN 
5 
 
de gasolina es de aproximadamente de 1 millón de litros por día. (Ministerio de 
Hidrocarburos y Energia de Bolivia, 2024) 
La pirolisis no catalítica no es algo nuevo en Bolivia, el año 2020 ante las costosas 
importaciones de combustible líquido por parte de Bolivia, se instaló una planta 
piloto en Tarija que mediante el proceso denominado pirolisis, obtiene diésel y 
gasolina de residuos plásticos a cargo de la empresa Efficient Energy y que 
conquistó resultados alentadores gestionando eficientemente los restos de 
polímero. La pirolisis es una técnica de reciclaje en la que se produce la 
descomposición térmica de los polímeros (plásticos) en ausencia de oxígeno o con 
una cantidad limitada del mismo, normalmente a temperaturas entre 300 y 900°C., 
en otras palabras, es un procedimiento de destilación que permite transformar 
residuos plásticos en carburante. (ENERGIA BOLIVIA, 2020). 
1.2 PLANTEAMIENTO DE PROBLEMA. 
1.2.1 Situación problemática. 
La situación hidrocarburifera de Bolivia al paso de los años ha ido decayendo tanto 
con la falta de descubrimiento de nuevos pozos hidrocarburiferos, como también 
con la recurrente escasez de gasolina. Esta escasez de gasolina en Bolivia tiene un 
impacto tanto social como económico, ya que el estado boliviano subvenciona los 
combustibles líquidos a nivel nacional. 
Por otra parte, la situación problemática actual se origina debido a una mezcla de 
factores que incluyen la dependencia de la importación de combustibles, la 
inestabilidad socio-política y la falta del dolar. 
A continuación, se presenta un árbol de problemas: 
 
 
INTRODUCCIÓN 
6 
 
 
 
 
 
 
 
 
 
 
 
 
 
 PROBLEMA EN EL MUNICIPIO SOLUCIÓN
 PROPONER EL DISEÑO DE UNA PLANTA DE PIROLISIS NO CATALÍTICA PARA LA RECOLECTORAS DEL 
F 
I 
N 
E 
S 
 
Pérdida de biodiversidad a 
causa de la contaminación 
plástica 
Emisión de gases de efecto 
invernadero. 
Reducir la dependencia de importación 
de combustible convencional 
Reducir la escasez de gasolina en el 
municipio de Cochabamba. 
Uso desmedido de 
materiales plásticos. 
C 
A 
U 
S 
A 
S 
 
A 
C 
C 
I 
O 
N 
E 
S 
 
 
Dependencia de importación 
de gasolina 
Alta demanda de combustible 
por el parque automotor 
Falta de conciencia ambiental 
en la sociedad. 
Inestabilidad 
económica del país 
Falta de exploración de nuevos pozos 
productores de combustibles convencionales. 
Proponer la ubicación geográfica de la planta de 
obtención de gasolina. 
Diseñar la planta de obtención gasolina mediante 
residuos plásticos   
Demostrar el proceso de pirolisis no catalítica de 
plásticos que se ejecuta en la planta. 
Determinar el plástico que se puede utilizar en la 
obtención de gasolina. 
E 
F 
E 
C 
T 
O 
S 
Falta de gasolina en 
estaciones de servicio 
Pérdidas económicas. 
Aumento de contrabando 
de gasolina. 
Producir biocombustible a partir 
de plástico reciclado 
Mitigar la contaminación plástica en 
el área urbana de Cochabamba 
Reducir el impacto ambiental de 
gases de efecto invernadero. 
INTRODUCCIÓN 
7 
 
1.2.2 Objeto de estudio. 
El diseño de una Planta de Pirolisis no Catalítica ayuda en varios aspectos a el 
municipio de Cochabamba, ya que actualmente no cuenta con un eficiente manejo 
de los residuos plásticos, lo cual se puede evidenciar en el centro de la ciudad. Con 
este proyecto se pretende reducir esta contaminación. Esta planta utiliza el plástico 
desechado y lo convierte en un biocombustible que puede ser empleado en 
cualquier tipo de motorizado sin ningún problema. 
También se pretende promocionar una Economía Circular ya que fomenta a cambiar 
la mentalidad de la sociedad y dejar de ver a los residuos plásticos como desechos, 
sino como recursos valiosos.  
La construcción de una Planta de Pirolisis no Catalítica a partir del plástico es 
importante para hacer frente a los desafíos ambientales, económicos y energéticos 
que enfrenta el municipio de Cochabamba, como también ofrece una solución 
innovadora y sostenible para el manejo de los residuos plásticos y la producción de 
gasolina. 
1.2.3 Pregunta de investigación. 
¿Con el diseño de una planta de pirolisis no catalítica en la comunidad de “Eco – 
Recolectoras” 
de 
Cochabamba 
se 
podrá 
reducir 
significativamente 
el 
desabastecimiento de gasolina y al mismo tiempo minimizar la contaminación de 
residuos plásticos? 
 
 
INTRODUCCIÓN 
8 
 
1.3 OBJETIVOS DE LA INVESTIGACIÓN. 
1.3.1 Objetivo general. 
 Proponer el diseño de una planta de obtención de gasolina con 
especificaciones técnicas de octanaje de la Agencia Nacional de 
Hidrocarburos a través del plástico reciclado, mediante el proceso de pirolisis 
no catalítica para la comunidad de “Eco-Recolectoras” del municipio de 
Cochabamba. 
1.3.2 Objetivos específicos. 
 Proponer la ubicación geográfica de la planta de obtención de gasolina  
 Determinar el plástico que se puede utilizar en la obtención de gasolina  
 Diseñar la planta para de obtención de gasolina mediante residuos plásticos   
 Demostrar el proceso de pirolisis no catalítica de plásticos que se ejecuta en 
la planta. 
TABLA 1 OBJETIVOS DE LA INVESTIGACIÓN. 
OBJETIVOS ESPECIFICOS. 
ACCIONES DE LA INVESTIGACION. 
PROPONER LA UBICACIÓN 
GEOGRÁFICA DE LA PLANTA 
DE OBTENCIÓN DE GASOLINA. 
 Seleccionar 
la 
ubicación 
considerando 
los 
factores 
ambientales. 
 Presentar la zona dentro del terreno 
de acopio donde se planea diseñar la 
planta de pirolisis no catalítica. 
 Analizar la infraestructura del centro 
de acopio de plásticos. 
 
 
INTRODUCCIÓN 
9 
 
DETERMINAR EL PLÁSTICO 
QUE SE PUEDE UTILIZAR EN EL 
PROCESO DE OBTENCIÓN DE 
GASOLINA 
 Identificar los tipos de plásticos 
reciclables 
 Evaluar la 
calidad 
del 
plástico 
reciclado 
 Limpiar y separar los plásticos 
reciclados 
para 
eliminar 
las 
impurezas 
 Triturar el plástico reciclado para 
facilitar su procesamiento. 
DISEÑAR LA PLANTA DE 
OBTENCIÓN DE GASOLINA 
MEDIANTE RESIDUOS 
PLÁSTICOS 
 Seleccionar el tipo de horno para el 
proceso de pirolisis no catalítica. 
 Calcular los tamaños de los equipos 
empleados en la planta. 
 Presentar la propuesta de diseño 
final de la planta de pirolisis no 
catalítica 
DEMOSTRAR EL PROCESO DE 
PIROLISIS NO CATALÍTICA DE 
PLÁSTICOS QUE SE EJECUTA 
EN LA PLANTA. 
 Evaluar las variables de presión y 
temperatura del reactor principal. 
 Mostrar 
el 
proceso 
de 
despolimerización 
que 
sufre 
la 
materia prima. 
 Evidenciar los productos resultantes 
del proceso de pirolisis no catalítica. 
Fuente: Elaboración propia, 2024. 
 
 
INTRODUCCIÓN 
10 
 
1.4 DELIMITACIÓN. 
TABLA 2 DELIMITACIÓN DEL PROYECTO. 
LÍMITES 
JUSTIFICACIÓN 
Este proyecto se plantea 
implementar en la comunidad de 
“Eco-Recolectoras” del “Municipio 
de Cochabamba” 
La propuesta de diseño de una 
planta de pirolisis no catalítica en la 
comunidad de “Eco-Recolectoras” en 
el municipio de Cochabamba se basa 
en la problemática que sufre el 
municipio con la falta de gasolina en 
las estaciones de servicio y como 
también con la acumulación de 
desechos 
plásticos. 
Primero 
se 
pretende adaptar a nivel municipal y 
si 
existen 
buenos 
resultados, 
emplear 
esta 
planta 
a 
nivel 
departamental o nacional en otros 
proyectos a futuro. 
Reducir la demanda de gasolina en 
el municipio, mediante la 
recolección de plásticos 
coadyuvando a minimizar el impacto 
ambiental. 
Diseñando una planta de Pirolisis no 
Catalítica en la comunidad de “Eco-
Recolectoras” en el municipio de 
Cochabamba, 
se 
producirá 
biocombustibles que se pueden 
emplear 
en 
los 
automotores, 
ayudando 
al 
medio 
ambiente 
disminuyendo la contaminación que 
producen los desechos plásticos. 
Proponer el diseño de una planta 
piloto de Pirolisis no Catalítica en la 
El diseño será de una planta piloto 
que pueda demostrar resultados 
INTRODUCCIÓN 
11 
 
Comunidad de “Eco-Recolectoras” 
del municipio de Cochabamba. 
favorables para la sociedad y el 
municipio, 
debido 
a 
factores 
económicos y sociales, solo se 
presentará el proyecto investigativo. 
Fuente: elaboración propia, 2024. 
1.4.1 Limitaciones. 
 No se realiza trabajos de laboratorio. 
 Solo se desarrollara un software de diseño (Sketchup) 
1.4.2 Límite temporal. 
La propuesta de este proyecto de implementación de una planta de pirolisis no 
catalítica se desarrolla en un lapso total de 6 meses, desglosado en 2 meses (MDG 
1) donde se plantearán los objetivos del proyecto y acciones que se desarrollan en 
los restantes 4 meses (MDG 2) dentro de la gestión 2024. 
1.4.3 Limite temático. 
El presente proyecto es desarrollado en base a conocimientos adquiridos en las 
siguientes materias: 
 Técnicas de investigación. 
 Termodinámica. 
 Ingeniería económica. 
 Medio ambiente y desarrollo sostenible. 
 Seguridad e higiene ocupacional. 
 Petroquímica y polímeros (electiva). 
 Evaluación de impacto ambiental. 
 Medio ambiente en la industria petrolera. 
INTRODUCCIÓN 
12 
 
 
1.4.4 Límite geográfico. 
En la ilustración Nº2 se presenta el límite geográfico donde se pretende desarrollar 
la propuesta del diseño de esta planta de pirolisis no catalítica en el municipio de 
Cochabamba. 
ILUSTRACIÓN 2 MUNICIPIO DE COCHABAMBA. 
 
Fuente: google maps, 2024. 
En la lustración Nº3 se muestra la ubicación geográfica de un punto de acopio de 
plásticos de la comunidad de “Eco-Recolectoras” en el municipio de Cochabamba 
donde se pretende diseñar la planta de pirolisis no catalítica. 
INTRODUCCIÓN 
13 
 
ILUSTRACIÓN 3 UBICACIÓN GEOGRAFÍA DE UN CENTRO DE ACOPIO DE 
PLÁSTICOS DE LA COMUNIDAD DE ""ECO-RECOLECTORAS"". 
 
Fuente: google maps, 2024. 
1.5 JUSTIFICACIÓN. 
1.5.1 Justificación técnica. 
El diseño de una planta de pirólisis no catalítica en el municipio de Cochabamba es 
una solución técnica, viable y sostenible para la gestión de residuos plásticos. Esta 
tecnología eficaz y comprobada permite la conversión de residuos plásticos en 
biocombustibles, como la gasolina, que son útiles para la sociedad. En varios países 
del mundo, este método de producción de biocombustibles se está adoptando cada 
vez más. La planta tiene la capacidad de adaptarse a diversos tipos de plásticos, 
como polietileno (PE), polipropileno (PP), poliestireno (PS) y polietilentereftalato 
(PET), entre otros, lo que garantiza su versatilidad y eficiencia. 
Además de ser versátil con todo tipo de plásticos, esta planta contribuye a la 
reducción de la contaminación ambiental en la ciudad. El diseño de la planta incluye 
métodos de control de emisiones durante la producción de biocombustibles, 
implementando tecnologías avanzadas de control de emisiones y sistemas de 
INTRODUCCIÓN 
14 
 
purificación de gases. Todo esto se realiza con el fin de garantizar un proceso de 
producción ambientalmente responsable. 
1.5.2 Justificación económica. 
Implementar una planta de pirólisis no catalítica en el municipio de Cercado ofrece 
varios beneficios económicos. En primer lugar, reduce los costos de manejo de 
residuos, ya que estos deben ser recolectados, transportados y tratados para su 
eliminación, lo que implica un gasto económico significativo que se pretende 
disminuir mediante la generación de biocombustible. 
Los ingresos provienen de la venta de este biocombustible, un producto de alto valor 
en el mercado, lo cual abre oportunidades de comercialización a nivel nacional. En 
Bolivia, se importan grandes cantidades de combustibles líquidos a diario, 
generando un gasto económico considerable debido a la subvención existente en el 
país. La producción de este biocombustible contribuirá a reducir dichos gastos. 
1.5.3 Justificación social. 
El proyecto de una planta de pirolisis no catalítica para la comunidad de “Eco-
Recolectoras” en el municipio de Cochabamba no solo aborda temas ambientales, 
técnicos y económicos. También ofrece una serie de beneficios sociales que 
contribuyen al bienestar de la sociedad cochabambina reduciendo la contaminación 
ambiental y mejorando la calidad de vida. Todo esto a partir de una educación 
ambiental y sensibilizando a la sociedad sobre la importancia del reciclaje, como 
también con la generación de empleos no solo para la comunidad de “Eco-
Recolectoras”, sino que también para la sociedad en general mejorando la 
economía local. 
1.5.4 Justificación académica. 
Esta propuesta de diseño de una planta de pirolisis no catalítica para la comunidad 
de Eco-Recolectoras” del municipio de Cochabamba es realizada en base a 
INTRODUCCIÓN 
15 
 
conocimientos adquiridos durante la formación académica en la Universidad 
Privada Domingo Savio, permitiendo planificar, diseñar, verificar datos y calcular los 
costos estimados de esta planta. Todo esto con el fin de no solo concientizar a la 
sociedad universitaria, sino a toda la sociedad en general en cuanto a la generación 
de biocombustibles demostrando la importancia del cuidado del medio ambiente y 
que se puede emplear la ingeniería para solucionar problemas ambientales a través 
del diseño de plantas que procesen estos desechos convirtiéndolos en productos 
aprovechables para la sociedad. 
1.5.5 Justificación ambiental. 
La pirolisis no catalítica es un proceso químico que consiste convertir el plástico 
desechado por el municipio en biocombustibles aprovechables para la sociedad, los 
cuales se producen sin generar emisiones significativas de gases de efecto 
invernadero, como también al producir la gasolina, obtiene un alto octanaje lo cual 
ayuda al medio ambiente reduciendo las emisiones de CO2 (Dióxido de Carbono). 
Además, al producir combustibles a partir de plásticos desechados se reduce un 
poco la dependencia de los combustibles convencionales y los tipos de 
contaminación que producen a la hora de su producción. 
Todo este proceso ayuda bastante a reducir la cantidad de plásticos desechados 
que existen en los vertederos, ríos, lagunas y calles del municipio contribuyendo a 
disminuir la contaminación del suelo y agua ya que los mismos tardan millones de 
años en degradarse causando un daño al medio ambiente. 
 
 
INTRODUCCIÓN 
16 
 
1.6 TIPOLOGÍA DE PROYECTO. 
TABLA 3 TIPOLOGÍA DEL PROYECTO. 
ALCANCES 
JUSTIFICACIÓN. 
ANALÍTICO 
El alcance analítico que tiene el 
presente proyecto de diseño de una 
planta de pirolisis, abarca desde las 
evaluaciones de materia prima, la 
evaluación técnica del diseño de la 
planta 
y 
también 
la 
viabilidad 
económica.  
DESCRIPTIVO. 
Este proyecto se basa en describir 
todos los detalles sobre el objetivo 
general, centrándose en una ubicación 
y contexto se describe los tipos de 
materia 
prima 
junto 
con 
su 
disponibilidad y la tecnología empleada 
en la planta.  
Fuente: elaboración propia, 2024. 
1.7 METODOLOGÍA DE LA INVESTIGACIÓN. 
La metodología de investigación del proyecto se define como una cuantitativa. 
1.7.1 Metodología cuantitativa. 
La metodología de investigación cuantitativa en este proyecto ayuda a tener un 
enfoque estructurado en cuanto en todo lo relacionado a lo cuantitativo, ya que se 
siguen varios pasos investigativos para poder desarrollar este proyecto, ya sea 
recolectando datos, analizando la viabilidad técnica y económica, diseñando el 
INTRODUCCIÓN 
17 
 
proyecto, realizando el plan de implementación, haciendo el monitoreo y control de 
la planta. Todos estos pasos investigativos se realizan a partir de herramientas 
cuantitativas adecuadas. 
1.8 FUENTES DE INFORMACIÓN. 
Las fuentes de información que se emplean en este proyecto provienen de dos 
fuentes principales que son: 
1.8.1 Fuentes primarias. 
1. Libros-. Proporciona todo lo teórico que conlleva el proyecto desde los 
conceptos básicos de pirolisis hasta el diseño de la planta. 
2. Agencia nacional de hidrocarburos (ANH)-. Acerca de los parámetros de 
que debe cumplir el biocombustible obtenido por la planta de pirolisis no 
catalítica. 
3. Alcaldía del municipio-. Obtención de información, desde la gestión que 
tienen con la materia prima hasta las cantidades producidas diariamente en 
el municipio. 
1.8.2 Fuentes secundarias. 
1. Informes municipales-. Publicaciones relacionadas con políticas de gestión 
de residuos, regulaciones ambientales y normativas específicas para el 
manejo de residuos plásticos. 
2. Investigaciones académicas-. Investigaciones académicas sobre la 
pirolisis no catalítica realizadas en Bolivia o en otros países abordando los 
temas de pirolisis, calidades de productos y aspectos económicos. 
3. Estadísticas y datos demográficos publicados en internet-. Obtener 
datos sobre cantidades y composiciones de los residuos plásticos generados 
en el municipio, como también la información demográfica que influya en el 
diseño y operación de la planta de pirolisis no catalítica. 
INTRODUCCIÓN 
18 
 
1.9 TÉCNICA E INSTRUMENTOS DE INVESTIGACIÓN. 
TABLA 4 DECLARACIÓN DE USO DE INSTRUMENTOS. 
TIPO 
INSTRUMENTO 
¿A QUIEN O A 
QUE? 
¿PARA QUE? 
TEORICO 
Datos de la 
Agencia Nacional 
de Hidrocarburos 
(ANH). 
Al proyecto a 
partir de fichas 
técnicas que 
especifican las 
calidades de 
octanaje de los 
biocombustibles 
en Bolivia. 
Comparar el 
producto obtenido 
por la planta y 
verificar su 
calidad con los 
datos.  
Documentación 
Al proyecto en 
general para 
establecer todas 
las normas y 
reglamentaciones 
técnicas. 
Para 
requerimientos 
legales. 
MATEMATICO 
Ingeniería del 
proyecto 
Cálculos 
matemáticos. 
Para determinar 
parámetros de 
operación y 
producción de la 
planta. 
Fuente: elaboración propia, 2024. 
1.10 POBLACIÓN Y MUESTRA. 
El tamaño de la población del presente proyecto solo abarcara todo el municipio de 
Cochabamba de la provincia de Cercado.
FUNDAMENTACIÓN TEÓRICA 
19 
 
 
 
 
 
 
 
CAPÍTULO 2 
2 
FUNDAMENTACIÓN 
TEÓRICA. 
 
 
"
